{"cameraMode":{"drawMode":0,"name":"Shaded","section":"Shading Mode"},"sceneLighting":false,"audioPlay":false,"sceneViewState":{"m_AlwaysRefresh":false,"showFog":true,"showSkybox":false,"showFlares":true,"showImageEffects":true,"showParticleSystems":true,"showVisualEffectGraphs":true,"m_FxEnabled":true},"in2DMode":false,"pivot":{"x":-0.013966754078865052,"y":0.7723488807678223,"z":-0.057752277702093127},"rotation":{"x":-0.025566546246409417,"y":0.9740118384361267,"z":-0.17302730679512025,"w":-0.1439206749200821},"size":1.7400181293487549,"orthographic":false}